"","X","School","ID","CoNo","StNo","Low","High","Students","Long","Lat"
"14",14,"AUTAUGA ACADEMY","00002722",1,1,-1,12,282,-86.5077516736635,32.5066647135736
"36",36,"CAMELLIA BAPTIST WEM","A0100060",1,1,-1,0,135,-86.6263584299285,32.483139225226
"83",83,"EAST MEMORIAL CHRISTIAN ACADEM","A0500015",1,1,-1,12,284,-86.8207905099227,32.3823614580446
"109",109,"FIRST BAPTIST KINDERGARTEN","K9300030",1,1,-1,0,140,-86.5053698931748,32.4448333263694
"111",111,"FIRST PRESBYTERIAN KINDERGARTE","A0900032",1,1,-1,0,64,-86.7497254932996,32.3928693941141
"5",5,"ALABAMA GULF COAST CHRISTIAN A","A1192001",3,1,-1,12,78,-87.5994723564185,30.4272636402878
"15",15,"BAYSIDE ACADEMY","A0500005",3,1,-1,12,757,-87.6679598477195,30.9169660006059
"34",34,"CALVARY CHRISTIAN LEARNING CEN","A1170018",3,1,-1,12,64,-87.7212218965535,30.2622627348462
"42",42,"CENTRAL CHRISTIAN SCHOOL","00001682",3,1,-1,12,331,-87.7578766947143,30.9544229237538
"47",47,"CHRIST THE KING SCHOOL","00000645",3,1,0,8,482,-87.8834746612721,30.7543161608186
"84",84,"EASTERN SHORE EARLY CHILDHOOD","A9703738",3,1,-1,1,100,-87.7681520968994,30.4092572748852
"97",97,"FAITH CHRISTIAN ACADEMY","A1170047",3,1,-1,7,75,-87.9395869143379,30.6502721016537
"121",121,"GOOD SHEPHERD LUTHERAN SCHOOL","A0700007",3,1,-1,0,19,-87.7585245541859,31.0295495229531
"181",181,"MARIETTA JOHNSON SCHOOL OF ORG","00002176",3,1,-1,8,29,-87.7228455021581,30.5652350485038
"226",226,"OPEN DOOR CHRISTIAN SCHOOL","AA890010",3,1,-1,11,101,-87.653501680877,30.5070814908332
"276",276,"ST BENEDICT SCHOOL","00000634",3,1,-1,8,174,-87.5393461146098,30.7440832088362
"293",293,"ST PATRICK SCHOOL","01604001",3,1,-1,8,211,-87.8802626233214,30.5331569732905
"340",340,"VICTORY CHRISTIAN ACADEMY","A9500035",3,1,-1,7,15,-87.757419365628,30.4761764104222
"232",232,"PARKVIEW CHRISTIAN SCHOOL","A0900062",5,1,-1,12,144,-85.1928516289728,32.0551629037087
"316",316,"THE LAKESIDE SCHOOL","00002096",5,1,-1,12,268,-85.4568213013133,31.9335174118071
"31",31,"CAHAWBA CHRISTIAN ACADEMY","00001536",7,1,-1,12,191,-87.1187583149059,32.8726160385134
"186",186,"MCCULLEY HILL CHRISTIAN SCHOOL","A0300029",7,1,0,12,166,-87.0911709109069,32.8417918974479
"209",209,"MT PLEASANT CHURCH KINDERGARTE","A0100302",9,1,-1,0,56,-86.3867684751947,34.0644342323198
"342",342,"VICTORY CHRISTIAN SCHOOL","A0500034",9,1,-1,10,22,-86.7174611330285,33.9272186375596
"54",54,"CONECUH SPRINGS CHRISTIAN SCHO","A0500013",11,1,-1,12,128,-85.7612671756059,32.0657062275845
"37",37,"CAMELLIA CITY CHRISTIAN ACADEM","A0300015",13,1,2,12,15,-86.8953551888395,31.9052637134307
"117",117,"FORT DALE ACADEMY","00001897",13,1,-1,12,477,-86.7294320574209,31.5638797509242
"101",101,"FAITH CHRISTIAN SCHOOL","A9100130",15,1,-1,12,300,-85.7770755717778,33.9239331933341
"260",260,"SACRED HEART CATHOLIC SCHOOL","00000306",15,1,-1,12,246,-85.7746236607723,33.6384980033757
"315",315,"THE DONOHO SCHOOL","00001332",15,1,-1,12,376,-85.786536661516,33.8070832264226
"318",318,"THE LEARNING TREE","A9302026",15,1,-2,-2,35,-85.7570272423491,33.6596642971992
"325",325,"TRINITY CHRISTIAN ACADEMY","00002507",15,1,-1,12,84,-85.7290232300469,33.858702354815
"360",360,"WORD ALIVE ACADEMY","A1170219",15,1,-1,8,141,-85.6235271611618,33.7744827553663
"1",1,"ACTS ACADEMY","A0500002",17,1,-1,12,46,-85.4813655370183,32.8666925004101
"41",41,"CENTRAL BAPTIST CHRISTIAN SCHO","A1100001",17,1,6,12,7,-85.5031488292705,32.8411285344658
"44",44,"CHAMBERS ACADEMY","00001693",17,1,-1,12,171,-85.5593123839702,32.8179998266588
"273",273,"SPRINGWOOD SCHOOL","00002405",17,1,-1,12,288,-85.2162717719792,32.7650404022658
"310",310,"TEMPLE CHRISTIAN SCHOOL","02000279",17,1,0,9,36,-85.5014183702159,32.9989623522748
"46",46,"CHILTON CHRISTIAN ACADEMY","AA000278",21,1,-1,12,171,-86.7199970907384,32.880652719784
"235",235,"PATRICIAN ACADEMY","01925896",23,1,-1,12,273,-88.0459216598832,32.2071084235354
"268",268,"SOUTH CHOCTAW ACADEMY","01926186",23,1,-1,12,301,-88.3403415771875,31.8027140095938
"50",50,"CLARKE PREP SCHOOL","A0100108",25,1,-1,12,268,-87.6677842378326,31.6800782244961
"154",154,"JACKSON ACADEMY","A0770089",25,1,-1,12,186,-87.8212508451995,31.6155166663655
"49",49,"CLARK COUNTY CHRISTIAN ACADEMY","A0500025",27,1,-1,12,155,-85.7664853756188,33.2271472081562
"103",103,"FIRST ASSEMBLY CHRISTIAN SCHOO","A9900026",27,1,-1,12,173,-85.7183161995185,33.1535256262512
"89",89,"ENTERPRISE PREPARATORY ACADEMY","A0100135",31,1,-1,12,131,-85.8808743716261,31.4698735588851
"234",234,"PATHWAY INC","A9700032",31,1,5,12,97,-85.9590640018376,31.5949186613608
"359",359,"WIREGRASS CHRISTIAN ACADEMY","A9700047",31,1,-1,6,132,-85.9884123999226,31.2757976208307
"67",67,"COVENANT CHRISTIAN SCHOOL","A9300007",33,1,-1,12,198,-88.030725688346,34.5960470816897
"210",210,"MT PLEASANT MISSIONARY BAPTIST","A1170135",33,1,-1,0,6,-87.480957983563,34.6869394486782
"272",272,"SPARTA ACADEMY","00002391",35,1,-1,12,225,-86.9840665039944,31.4247770987788
"258",258,"RTK COMMUNITY LEARNING AND TEC","A1100012",37,1,0,12,183,-86.3950071199084,32.9507384722846
"128",128,"GUARDIAN ANGEL CHRISTIAN ACADE","A0900040",39,1,0,0,5,-86.6086282411628,31.4501331301826
"72",72,"CRENSHAW CHRISTIAN ACADEMY","A0300019",41,1,-1,12,279,-86.1986525608036,31.8497945668388
"58",58,"CORNERSTONE CHRISTIAN ACADEMY","A1170031",43,1,0,12,32,-86.8786752681171,34.2736689958587
"73",73,"CULLMAN CHRISTIAN SCHOOL","A0900020",43,1,-1,12,114,-86.8489782266247,34.0848283642673
"261",261,"SACRED HEART ELEMENTARY","00000135",43,1,-1,6,146,-86.833339257935,34.3053422212204
"277",277,"ST BERNARD PREPARATORY SCHOOL","02113067",43,1,7,12,161,-87.0689860936454,34.012588594209
"296",296,"ST PAULS LUTHERAN SCHOOL","00001208",43,1,-1,6,88,-87.0293301852889,34.0279197323344
"343",343,"VINEMONT CHRISTIAN ACADEMY","01608833",43,1,0,12,27,-86.861206142461,34.090347921367
"75",75,"DALE COUNTY CHRISTIAN SCHOOL","00001795",45,1,-1,12,65,-85.7546138646267,31.2886797004713
"131",131,"HARVEST CHRISTIAN SCHOOL","A9900037",45,1,-1,11,43,-85.6712629198358,31.605837450891
"40",40,"CATHEDRAL ACADEMY","A0900014",47,1,-1,12,60,-87.055736887176,32.2918234592638
"100",100,"FAITH CHRISTIAN MINISTRIES","A1170048",47,1,-1,6,63,-87.0941358629742,32.3758405382843
"189",189,"MCRAE LEARNING CENTER","02000337",47,1,-1,0,30,-87.3782561960883,32.3516705948831
"190",190,"MEADOWVIEW CHRISTIAN SCHOOL","00002198",47,1,-1,12,183,-87.268502267402,32.2292756409402
"200",200,"MORGAN ACADEMY","00000871",47,1,0,12,473,-87.0657863093619,32.1315427238693
"306",306,"TABERNACLE OF PRAISE CHRISTIAN","A1100014",47,1,-1,8,45,-87.0233191980018,32.1932724281713
"17",17,"BETH HAVEN CHRISTIAN ACADEMY","A9900003",49,1,1,12,39,-85.8431968403292,34.3387001793556
"57",57,"CORNERSTONE CHRISTIAN ACADEMY","A0770032",49,1,-1,9,367,-85.8069149532776,34.580421771427
"147",147,"IDER CHRISTIAN ACADEMY DAYCARE","A1170058",49,1,-1,0,44,-85.590328836718,34.5137804738142
"106",106,"FIRST BAPTIST CHILD DEVELOPMEN","A0900031",51,1,-1,0,111,-86.2906008538153,32.6283886383568
"216",216,"NEW LIFE CHRISTIAN ACADEMY","02000359",51,1,-1,12,247,-86.0082348281316,32.6061893605844
"240",240,"PRATTVILLE CHRISTIAN ACADEMY","A0100330",51,1,-1,12,668,-85.9535898138939,32.4948163506562
"338",338,"VICTORY BAPTIST SCHOOL","00002518",51,1,0,12,225,-86.2028864869219,32.474698228081
"13",13,"ATMORE CHRISTIAN SCHOOL","01608888",53,1,-1,12,103,-87.0032888611873,31.0817844139143
"91",91,"ESCAMBIA ACADEMY","00001015",53,1,-1,12,314,-87.3931927728487,31.072965904966
"308",308,"TEMPLE CHRISTIAN ACADEMY","A0300043",53,1,-1,10,47,-87.4472814171515,31.0497048391962
"55",55,"COOSA CHRISTIAN SCHOOL","02187186",55,1,-1,12,346,-86.0523989075632,34.1159902655864
"82",82,"EAST GADSDEN BAPTIST CHURCH KI","A9703737",55,1,-1,0,95,-86.2316673905946,34.06645095851
"90",90,"EPISCOPAL DAY SCHOOL","00001321",55,1,-1,12,88,-85.9579756421456,34.074579474309
"95",95,"EXCEL INSTITUTE","A1100002",55,1,7,12,30,-86.1130618473336,34.1380049211408
"282",282,"ST JAMES CATHOLIC SCHOOL","00000033",55,1,-1,8,113,-86.2029081316974,34.1465045098529
"349",349,"WESTBROOK CHRISTIAN SCHOOL","A0700031",55,1,-1,12,578,-85.8802735834847,34.0093388887467
"171",171,"LIGHTHOUSE CHRISTIAN SCHOOL","A0300028",63,1,-1,6,5,-87.8883309484134,32.849186175633
"344",344,"WARRIOR ACADEMY","00002529",63,1,-1,6,14,-87.8728626334509,32.7130122723745
"270",270,"SOUTHERN ACADEMY","00002358",65,1,-1,12,264,-87.5994346407472,32.7550293655932
"153",153,"J & M DAY CARE CENTER","A1170094",67,1,0,0,6,-85.4115006632131,31.4026238314747
"11",11,"ASHFORD ACADEMY","00002733",69,1,-1,12,158,-85.3532887018404,31.0765987020341
"25",25,"BRENDA PREPARATORY SCHOOL & NT","A0770017",69,1,-1,0,30,-85.4818910417912,31.1426700506629
"87",87,"EMMANUEL CHRISTIAN SCHOOL","00002802",69,1,-1,12,492,-85.4403483937369,31.1763285151529
"112",112,"FIRST UNITED METHODIST CHURCH ","A0100165",69,1,-1,0,93,-85.6233965865579,31.2530211011509
"144",144,"HOUSTON ACADEMY","00001503",69,1,-1,12,615,-85.2342415391874,31.2434848830995
"223",223,"NORTHSIDE METHODIST CHURCH & A","00002234",69,1,-1,12,370,-85.43906253403,31.13956248429
"224",224,"NORTHVIEW CHRISTIAN CHURCH ACA","A0900059",69,1,-1,6,64,-85.6456373237711,31.266284868508
"248",248,"PROVIDENCE CHRISTIAN SCHOOL","A9900064",69,1,1,12,708,-85.2435666752775,31.0457118177332
"254",254,"RIDGECREST BAPTIST CHURCH CHIL","A0100339",69,1,-1,0,121,-85.2356658249317,31.0868288869644
"278",278,"ST COLUMBA CATHOLIC SCHOOL","BB120001",69,1,-1,0,37,-85.3042355541383,31.2128945424267
"350",350,"WESTGATE CHRISTIAN SCHOOL","A9500037",69,1,-1,6,120,-85.1184260367748,31.1032562892402
"74",74,"CUMBERLAND PRESBYTERIAN PRESCH","A0100100",71,1,-1,0,83,-86.0775604568289,34.8256665387157
"115",115,"FLORAL CREST JR ACADEMY","00003384",71,1,0,9,26,-85.9659665605638,34.981604562201
"205",205,"MOUNTAIN VIEW CHRISTIAN","02000494",71,1,-1,12,69,-85.9862912432954,34.566388185527
"264",264,"SCOTTSBORO CHRISTIAN ACADEMY","A9900050",71,1,-1,12,37,-86.3034785214728,34.6489579777066
"2",2,"ADVENT EPISCOPAL DAY SCHOOL","00000769",73,1,-1,8,316,-86.6119928299918,33.5879400512575
"6",6,"ALABAMA WALDORF SCHOOL","A9703769",73,1,-1,8,176,-86.9563974231949,33.311622088187
"7",7,"ALLAN COTT SCHOOL","A0900003",73,1,2,12,37,-86.6727252368,33.6186819911208
"9",9,"ARLINGTON SCHOOL","A0100027",73,1,6,12,20,-86.7483794643605,33.6575809281241
"10",10,"ASCENSION EPISCOPAL KINDERGART","K9300016",73,1,-1,0,79,-86.7387813344899,33.7370570063871
"16",16,"BESSEMER ACADEMY","00000849",73,1,-1,12,327,-86.7724238137408,33.7101251860654
"20",20,"BETHEL BAPTIST CHURCH CHILD DE","A0990001",73,1,-1,0,61,-86.8806464622603,33.4442409106254
"22",22,"BEULAH BAPTIST CHRISTIAN SCHOO","A0100036",73,1,-1,2,30,-86.6702591080047,33.6617023683038
"28",28,"BRIDGEPOINT CHRISTIAN SCHOOL","A1150003",73,1,-1,12,43,-87.0888667345247,33.4104704486573
"30",30,"CAHABA SCHOOL","A0900012",73,1,9,12,21,-86.8100881453341,33.4212637959339
"38",38,"CANTERBURY DAY SCHOOL","A1170019",73,1,-1,0,123,-86.8307289718953,33.8352611792341
"43",43,"CENTRAL PARK CHRISTIAN SCHOOLS","02000676",73,1,0,12,184,-87.3105246485107,33.4474025575256
"45",45,"CHILD ENRICHMENT CENTER","A0100184",73,1,-1,0,112,-86.6611884536939,33.6268804241
"51",51,"CLAYRIDGE BAPTIST WEEKDAY MINI","A0100087",73,1,-1,0,93,-87.0218930127067,33.331034976763
"52",52,"CLEARLY KIDS CHRISTIAN ACADEMY","A1150004",73,1,-1,0,252,-86.5335284603946,33.7001002122553
"61",61,"CORNERSTONE SCHOOLS OF ALABAMA","A9500008",73,1,-1,8,260,-87.1004171414897,33.3710747033421
"65",65,"COVENANT CHRISTIAN LEARNING CE","00002609",73,1,-1,0,63,-86.8594802831585,33.771181202815
"71",71,"CREATIVE MONTESSORI SCHOOL","02000574",73,1,-1,6,221,-87.1206464627012,33.5029852622935
"78",78,"DEEPER LIFE ACADEMY","A0100404",73,1,-1,11,88,-86.7139977837224,33.649581147412
"81",81,"DUNNAMS PRIVATE SCHOOL","00001853",73,1,-1,1,150,-87.1496733434652,33.470464637526
"102",102,"FAMILY SUNSHINE SCHOOL","A0900029",73,1,0,12,290,-87.1378720708206,33.5231625267472
"107",107,"FIRST BAPTIST CHURCH OF GARDEN","A1170055",73,1,-1,0,269,-86.9823014545693,33.7379217213535
"108",108,"FIRST BAPTIST CHURCH-PINSON","A1170057",73,1,-1,0,111,-86.824784575292,33.4750881878148
"114",114,"FLINT HILL CHRISTIAN SCHOOL","01608822",73,1,-1,12,307,-86.9013309776438,33.5274018963517
"116",116,"FORESTDALE BAPTIST","00001376",73,1,-1,6,113,-86.8477561578261,33.3490192468689
"118",118,"GARDENDALE CHRISTIAN ACADEMY","A9900029",73,1,-1,5,100,-86.8941003305177,33.4341683014318
"119",119,"GODS HOUSE KINDERGARTEN","A0770071",73,1,-1,0,192,-87.142049765294,33.5858698808362
"133",133,"HIGHLANDS SCHOOL","00002052",73,1,-1,8,279,-86.6109612641628,33.5690614636149
"136",136,"HOLY FAMILY CRISTO REY CATHOLI","00000237",73,1,8,12,210,-86.8582292464777,33.4560250455657
"137",137,"HOLY FAMILY ELEMENTARY","00000248",73,1,-1,8,141,-86.7068846114759,33.7896205824383
"143",143,"HOOVER CHRISTIAN SCHOOL","AA000153",73,1,-1,10,54,-87.0194238029211,33.5018361838534
"150",150,"INTEGRITY CHRISTIAN ACADEMY","A9900042",73,1,-1,5,109,-86.7938932067346,33.7643300865725
"151",151,"ISLAMIC ACADEMY OF ALABAMA","A9900043",73,1,-1,11,192,-86.6758690205571,33.7470789416794
"157",157,"JEFFERSON CHRISTIAN ACADEMY","00000882",73,1,-1,12,266,-86.6863048023142,33.7682851515241
"158",158,"JESUS CHRIST CHRISTIAN SCHOOL","A0100227",73,1,-1,8,8,-87.1966677564713,33.4469067034176
"159",159,"JESUS CHRISTIAN DAYCARE AND SC","A1170098",73,1,-1,2,48,-87.2477574621085,33.4009544501629
"160",160,"JOHN CARROLL CATHOLIC HIGH SCH","00000226",73,1,9,12,624,-86.9558577396987,33.3314869399939
"166",166,"LAKEVIEW SCHOOL","A0700011",73,1,1,8,14,-86.8466455583251,33.7887443025817
"187",187,"MCELWAIN CHRISTIAN ACADEMY","A0900049",73,1,0,2,31,-86.989389165185,33.535103167538
"191",191,"MIRACLE DELIVERANCE TEMPLE LEA","A9700024",73,1,-1,0,3,-87.1056698810402,33.6241332721443
"204",204,"MOUNTAIN VIEW BAPTIST SCHOOL","A9900054",73,1,-1,12,94,-87.0443640819476,33.6346114861388
"207",207,"MT OLIVE ACADEMY","A0700015",73,1,2,11,12,-86.7967121118921,33.5208981887616
"208",208,"MT PILGRIM CHRISTIAN ACADEMY","A0900055",73,1,0,6,41,-86.5953096154259,33.7054580654242
"212",212,"NE MILES JEWISH DAY SCHOOL","00001398",73,1,0,8,71,-86.84563340625,33.6221962262402
"213",213,"NEW HOPE CHRISTIAN ELEMENTARY ","A0100308",73,1,0,5,67,-86.8596152744829,33.4994817516085
"214",214,"NEW JERUSALEM CHRISTIAN SCHOOL","A1150005",73,1,-1,0,14,-87.0054786395611,33.489268793787
"217",217,"NEW LIFE CHRISTIAN SCHOOL OF E","A0700017",73,1,0,4,55,-86.5456838217853,33.6525441687439
"219",219,"NOAHS PARK WEEKDAY EARLY EDUCA","A1170147",73,1,-1,0,320,-86.6172787141512,33.5386181823457
"227",227,"OUR LADY OF FATIMA SCHOOL","00000215",73,1,-1,8,186,-86.7557081013454,33.7161043528016
"228",228,"OUR LADY OF LOURDES KINDERGART","K9300015",73,1,-1,0,91,-87.156337950884,33.3610621757607
"229",229,"OUR LADY OF SORROWS","00000088",73,1,-1,8,425,-86.9941491581732,33.3942728931191
"231",231,"PALMERDALE UMC CHRISTIAN SCHOO","A0100319",73,1,-1,5,219,-86.9905680286268,33.7781361846124
"233",233,"PARKWAY CHRISTIAN ACADEMY","01925885",73,1,-1,12,314,-86.6681788884628,33.6371999448894
"247",247,"PRINCE OF PEACE CATHOLIC SCHOO","A0500029",73,1,-1,8,388,-86.5892238678532,33.5982453545198
"251",251,"RESTORATION ACADEMY","A9900066",73,1,0,12,268,-86.7847879928529,33.5650211421705
"257",257,"ROCK CREEK ACADEMY","A0900070",73,1,0,12,31,-86.972852565339,33.7001717819986
"259",259,"RUSHTON SCHOOL","A9900068",73,1,7,11,31,-87.1404754516906,33.5600820170961
"266",266,"SHADES MOUNTAIN CHRISTIAN SCHO","00003078",73,1,-1,12,397,-86.8557531568576,33.4116678777861
"271",271,"SOUTHMINSTER DAY SCHOOL","AA001340",73,1,-1,5,226,-86.7626415029295,33.6648166541785
"274",274,"ST ALOYSIUS SCHOOL","00000292",73,1,-1,8,162,-86.6929197074187,33.7436726157313
"280",280,"ST FRANCIS XAVIER SCHOOL","00000179",73,1,0,8,210,-87.2790318448757,33.4974558501581
"290",290,"ST MARK UNITED METHODIST KINDE","A9703774",73,1,-1,0,111,-86.5654067437616,33.6011482842276
"292",292,"ST MARYS CATHOLIC SCHOOL","00000113",73,1,-1,3,83,-86.9934537316663,33.4730639746462
"298",298,"ST ROSE OF LIMA SCHOOL","00000146",73,1,-1,8,186,-86.9801672148317,33.652972615618
"305",305,"TABERNACLE CHRISTIAN SCHOOL","02000643",73,1,-1,12,390,-86.8648372275661,33.8406713655234
"311",311,"THE ALTAMONT SCHOOL","00001616",73,1,5,12,314,-86.8393838813492,33.4304887894896
"320",320,"THE PERFECT PLACE CC LEARNING ","A1170203",73,1,-1,0,30,-86.7427756029506,33.7426425160344
"328",328,"TRINITY SCHOOL","A0300031",73,1,-1,12,10,-86.9095322675173,33.7663277705918
"331",331,"UAB ENGEL THERAPEUTIC SCHOOL A","A0900084",73,1,-1,12,18,-86.7322501693522,33.6229635805635
"345",345,"WEBSTER CHRISTIAN SCHOOL","A9900081",73,1,0,7,98,-87.1439504239398,33.3759838676373
"358",358,"WINEWOOD CHRISTIAN SCHOOL","A0500036",73,1,-1,12,7,-86.7574808438606,33.6797271418768
"183",183,"MARS HILL BIBLE SCHOOL","00000973",77,1,-1,12,578,-87.2822486615978,34.7982127052688
"256",256,"RIVERHILL SCHOOL","02000723",77,1,-1,6,96,-87.8971197347787,34.8697059365015
"267",267,"SHOALS CHRISTIAN SCHOOL","A0100374",77,1,-1,12,230,-87.7930040105036,34.782142979778
"287",287,"ST JOSEPH REGIONAL CATHOLIC SC","00000102",77,1,-1,8,189,-87.367061727135,34.8957310482926
"167",167,"LAWRENCE COUNTY CHRISTIAN SCHO","02000734",79,1,-1,11,43,-87.4531370325665,34.3088330674109
"141",141,"HOLY TRINITY DAY SCHOOL","A0300025",81,1,-1,0,45,-85.6679237365086,32.6016588117811
"218",218,"NEW TESTAMENT BAPTIST SCHOOL","A9900059",81,1,0,12,6,-85.1042763287232,32.5756632792321
"12",12,"ATHENS BIBLE SCHOOL","00001445",83,1,0,12,330,-86.9715319027509,34.8563706222657
"172",172,"LINDSAY LANE CHRISTIAN ACADEMY","A1100006",83,1,-1,12,316,-86.7923769722617,34.7258578790561
"309",309,"TEMPLE CHRISTIAN ACADEMY","A0900079",83,1,4,12,7,-87.208098877344,34.9367385269751
"162",162,"KEY OF LIFE","A0100395",85,1,-1,12,10,-86.8134140773838,32.1479348701456
"176",176,"LOWNDES ACADEMY","00000995",85,1,0,12,228,-86.5394202859659,32.1008390701918
"265",265,"SEQUEL YOUTH AND FAMILY SERVIC","A0700029",87,1,7,12,52,-85.9873349693287,32.4070845835553
"286",286,"ST JOSEPH CATHOLIC SCHOOL","00000372",87,1,-1,8,62,-85.8701850284831,32.4161450996876
"24",24,"BIG COVE CHRISTIAN ACADEMY","00003271",89,1,0,9,27,-86.4413263736325,34.7399907410074
"32",32,"CALVARY BAPTIST ACADEMY","A9900005",89,1,-1,12,51,-86.5147299035621,34.8288378602713
"70",70,"COVENANT CLASSICAL SCHOOL","A0770035",89,1,-1,2,220,-86.7442313984714,34.8979130966311
"76",76,"DEBORAHS DAY CARE & KINDERGART","A0770039",89,1,-1,0,26,-86.643884999148,34.9664313364038
"105",105,"FIRST BAPTIST CHILD DEVELOPMEN","A9703741",89,1,-1,4,283,-86.7077154629765,34.6211666122465
"110",110,"FIRST CHRISTIAN CHURCH EARLY C","A1150001",89,1,-1,0,98,-86.5284282231478,34.9379783505273
"124",124,"GRACE LUTHERAN SCHOOL","00001183",89,1,-1,8,137,-86.3833343201971,34.5993948940704
"127",127,"GREENGATE SCHOOL","A0900039",89,1,1,8,35,-86.4267991275088,34.5179951532285
"129",129,"HAMPTON COVE CHRISTIAN ACADEMY","A9900035",89,1,-1,3,213,-86.731979684638,34.6239372755188
"130",130,"HARVEST BAPTIST CHURCH CHILD C","A0770080",89,1,-1,0,21,-86.3668430583089,34.5150010159773
"138",138,"HOLY FAMILY PAROCHIAL SCHOOL","00000055",89,1,-1,8,169,-86.7382183384983,34.5764701958431
"140",140,"HOLY SPIRIT SCHOOL","00000077",89,1,0,8,414,-86.5064935651426,34.8868217540326
"145",145,"HUNTSVILLE ACHIEVEMENT SCHOOL","00000816",89,1,1,12,22,-86.4599143086055,34.4960988403468
"146",146,"HUNTSVILLE CHRISTIAN ACADEMY","A0100214",89,1,-1,12,129,-86.3834829865347,34.7268970431085
"148",148,"IN THE BEGINNING CHRISTIAN ACA","A0990003",89,1,-1,11,31,-86.4708512065802,34.9003032411132
"152",152,"ISLAMIC ACADEMY OF HUNTSVILLE","A9900040",89,1,-1,5,53,-86.6021449732328,34.6489755609957
"156",156,"JANICE MITCHELL ISBELL ACADEMY","A0500022",89,1,8,8,3,-86.5831682275836,34.7744834486124
"178",178,"MADISON ACADEMY","00002165",89,1,-1,12,895,-86.6649207544212,34.583690251128
"179",179,"MADISON BAPTIST ACADEMY","AA890009",89,1,0,12,77,-86.6544944190995,34.9715010310534
"185",185,"MAYFAIR CHILD DEVELOPMENT CENT","K9500005",89,1,-1,0,138,-86.6971567201254,34.8059026919007
"206",206,"MRS RONDAS MONTESSORI SCHOOL","A9500023",89,1,0,1,13,-86.7120853299196,34.8204570348261
"225",225,"OAKWOOD ADVENTIST ACADEMY","A0700018",89,1,0,12,250,-86.7240339240866,34.8575441856
"239",239,"POPE JOHN PAUL II CATHOLIC HIG","A9900007",89,1,9,12,393,-86.609837140662,34.9727935229072
"241",241,"PREMIER SCHOOL","A0700019",89,1,-1,1,138,-86.5116086996539,34.9510903339427
"242",242,"PREMIER SCHOOL OF RESEARCH PAR","A0900064",89,1,-1,1,146,-86.4162368052319,34.596676276301
"249",249,"PROVIDENCE CLASSICAL SCHOOL","A0900067",89,1,-1,12,184,-86.600939179836,34.9803981601631
"250",250,"RANDOLPH SCHOOL","00001605",89,1,0,12,996,-86.7477512932362,34.9515258377679
"284",284,"ST JOHN THE BAPTIST CATHOLIC S","A9900071",89,1,-1,8,469,-86.707019171616,34.8394430040855
"304",304,"SUSANNA WESLEY EARLY EDUCATION","A0700024",89,1,-1,0,181,-86.5441675264768,34.65767490437
"313",313,"THE CHILDRENS HOUSE OF MONTESS","A0100077",89,1,0,0,8,-86.6853329281721,34.6418114339369
"314",314,"THE COUNTRY DAY SCHOOL","A9100122",89,1,-1,8,103,-86.5131529530467,34.709080027636
"319",319,"THE MONTESSORI SCHOOL OF HUNTS","A0307029",89,1,-1,6,91,-86.6233009880809,34.7561112363157
"321",321,"THE PINNACLE SCHOOL","A0900063",89,1,7,12,30,-86.5292582809605,34.8704141425632
"322",322,"THE RILEY BEHAVIORAL AND EDUCA","A1100017",89,1,0,6,19,-86.7747899456701,34.8637437651112
"324",324,"THREE SPRINGS SCHOOL OF MADISO","A0700028",89,1,6,12,59,-86.5630466080651,34.9680718243983
"333",333,"UNION CHAPEL CHRISTIAN ACADEMY","A0100405",89,1,0,7,157,-86.63946227727,34.974135383117
"334",334,"UNIVERSITY PRESCHOOL LEARNING ","A9703780",89,1,-1,0,71,-86.3544453801853,34.9316569525888
"336",336,"VALLEY FELLOWSHIP CHRISTIAN AC","AA890014",89,1,-1,12,187,-86.5453903166103,34.8161712554352
"351",351,"WESTMINSTER CHRISTIAN ACADEMY","00001412",89,1,0,12,708,-86.5213258272547,34.6404066860979
"354",354,"WHITESBURG CHRISTIAN ACADEMY","A0509004",89,1,0,12,360,-86.7727923189559,34.5904036579458
"357",357,"WILLOWBROOK BAPTIST KINDERGART","A0100428",89,1,-1,0,182,-86.6014907216519,34.8406730250467
"180",180,"MARENGO ACADEMY HIGH SCHOOL","00000827",91,1,-1,12,214,-87.6694986347089,32.4638712808098
"347",347,"WEST ALABAMA CHRISTIAN SCHOOL","A1100019",91,1,-1,6,46,-87.5908412739241,32.2412836561355
"184",184,"MARSHALL CHRISTIAN ACADEMY","A0700013",95,1,-1,10,197,-86.248088540798,34.4001728349834
"3",3,"AL-IMAN ACADEMY OF MOBILE","A0100026",97,1,-1,12,85,-88.3364162660739,30.4532474679058
"35",35,"CALVARY CHRISTIAN SCHOOL","A0700004",97,1,-1,5,90,-88.0371898962603,30.9070369256819
"62",62,"CORPUS CHRISTI SCHOOL","01926073",97,1,0,8,527,-88.1058845193406,30.5184276072045
"63",63,"COTTAGE HILL CHRISTIAN ACADEMY","A0100110",97,1,9,12,232,-88.195044962848,30.5751185695898
"64",64,"COTTAGE HILL CHRISTIAN ACADEMY","00001751",97,1,-1,8,352,-88.1163010275315,30.6707722732942
"68",68,"COVENANT CHRISTIAN SCHOOL","A9100155",97,1,-1,8,215,-88.0748418728543,30.872021019826
"79",79,"DIXONS TOTAL TOUCH CHILD DEVEL","A0770128",97,1,-1,5,194,-88.1305683342148,30.3543773857487
"88",88,"EMMANUEL JUNIOR ACADEMY","AA000956",97,1,1,8,11,-88.1834835233071,30.8645593690598
"93",93,"EVANGEL CHRISTIAN SCHOOL","00000929",97,1,-1,5,145,-88.2479760363936,30.867906134075
"96",96,"FAITH ACADEMY","A9100128",97,1,-1,12,1918,-88.1205426993142,30.9218673288652
"120",120,"GOOD SHEPHERD ACADEMY","AA000617",97,1,1,12,50,-88.0859625709519,30.557926165264
"122",122,"GOVERNMENT STREET CHRISTIAN SC","00002551",97,1,-1,8,185,-88.0080992010443,31.1431667064499
"125",125,"GRACE TEMPLE CHRISTIAN ACADEMY","A1170074",97,1,-1,1,72,-88.1968611096779,30.5005552803349
"155",155,"JACKSON CREEK CHRISTIAN ACADEM","A0500021",97,1,-1,8,112,-88.3895918824357,31.0742267940419
"165",165,"KNOLLWOOD CHRISTIAN SCHOOL","02000927",97,1,-1,8,465,-88.0106490530946,31.0558484836135
"169",169,"LIGHTHOUSE BAPTIST ACADEMY","A0992002",97,1,-1,12,189,-88.3234355274811,30.5713960272607
"174",174,"LITTLE FLOWER CATHOLIC SCHOOL","00000598",97,1,-1,8,167,-88.2402679290552,30.632214345458
"175",175,"LIVING WORD CHRISTIAN CENTER K","A9900049",97,1,-1,8,28,-88.4073166090016,30.7597422145533
"188",188,"MCGILL-TOOLEN CATHOLIC HIGH SC","01925841",97,1,9,12,1138,-88.3679645558493,30.7005303994526
"192",192,"MOBILE CHRISTIAN SCHOOL","00001354",97,1,-1,12,550,-88.1478967834098,31.0347777027308
"193",193,"MOBILE JUNIOR ACADEMY","00003329",97,1,0,9,23,-88.2494396406508,30.9588808940724
"196",196,"MONTESSORI WORLD SCHOOL","A0509201",97,1,-1,0,38,-88.3760047194871,30.8584204966716
"201",201,"MOST PURE HEART OF MARY SCHOOL","00000576",97,1,-1,8,169,-88.1888491852129,31.0257744192709
"211",211,"NAZAREE CHRISTIAN SCHOOL","A1100009",97,1,-1,5,32,-88.0339306248224,30.7223544518707
"220",220,"NORTH MOBILE CHRISTIAN SCHOOL","A9302021",97,1,-1,8,397,-88.4054329197977,30.7802094129136
"243",243,"PRICHARD PREPARATORY SCHOOL","A0900016",97,1,-1,5,85,-88.2699167637026,30.4604238951205
"244",244,"PRICHARD PREPARATORY SCHOOL","A1192003",97,1,-1,5,82,-88.2662714922761,30.8372425874517
"253",253,"REVELATION BAPTIST SCHOOL","A0900068",97,1,0,5,21,-88.3793245297836,30.5007891778986
"262",262,"SAFE HAVEN CHRISTIAN ACADEMY","A0792001",97,1,-1,12,29,-88.3343518710293,30.7991248483005
"263",263,"SATSUMA CHRISTIAN SCHOOL","00002314",97,1,-1,10,279,-88.2185038009397,30.9853300477721
"279",279,"ST DOMINIC SCHOOL","00000543",97,1,-1,8,504,-88.3791115086425,30.4038638089926
"281",281,"ST IGNATIUS CATHOLIC SCHOOL","00000532",97,1,-1,8,531,-88.1063778831444,30.939326131859
"285",285,"ST JOHNS DELIVERENCE SCHOOL OF","A0700023",97,1,-1,1,30,-88.0997619016785,30.9482213226945
"289",289,"ST LUKE S EPISCOPAL SCHOOL","A9100150",97,1,-1,11,687,-88.299519200548,30.5553914775202
"291",291,"ST MARY CATHOLIC SCHOOL","00000496",97,1,-1,8,504,-88.3206550757675,30.9262263143121
"295",295,"ST PAUL'S EPISCOPAL SCHOOL","00000758",97,1,-1,12,1339,-88.2099491827493,30.978102123634
"297",297,"ST PIUS X SCHOOL","00000474",97,1,-1,8,355,-88.4205052997777,30.9374160594964
"299",299,"ST VINCENT DEPAUL SCHOOL","00000703",97,1,-1,8,168,-88.3894056033558,30.6475890437418
"300",300,"STANFORD CHRISTIAN ACADEMY","A0792002",97,1,1,12,58,-88.1805769744832,30.9426647585548
"303",303,"SURE WORD TEMPLE OF GOD","A0770180",97,1,-1,0,36,-88.2875431566764,30.6768439000299
"317",317,"THE LEARNING TREE","A9700020",97,1,-1,12,119,-88.3463354821991,30.4040924427925
"326",326,"TRINITY LUTHERAN ELEMENTARY SC","02000905",97,1,-1,7,104,-88.4062948438251,31.0759909079981
"332",332,"UMS-WRIGHT PREPARATORY SCHOOL","00001569",97,1,-1,12,1265,-88.3703152891006,30.6259764576519
"346",346,"WESLEYAN CHRISTIAN ACADEMY","00002799",97,1,1,12,92,-88.3109758885298,31.0585017228607
"348",348,"WEST MOBILE BAPTIST CHURCH","A0100423",97,1,-1,0,153,-88.2714719225558,30.6732888491871
"361",361,"WORD OF LIFE INSTITUTE CHRISTI","A0100433",97,1,0,11,13,-88.2163491766498,30.4374353550364
"194",194,"MONROE ACADEMY","00002201",99,1,-1,12,496,-87.3663800811747,31.3752650465908
"4",4,"ALABAMA CHRISTIAN ACADEMY","00002788",101,1,-1,12,982,-86.4521544742954,32.2918151201942
"18",18,"BETHANY CHILD DEVELOPMENT CENT","A9703726",101,1,-1,0,37,-86.1089327365635,32.1228946440087
"19",19,"BETHANY CHRISTIAN ACADEMY","AA890001",101,1,1,8,70,-86.2336922697275,32.2039547896541
"29",29,"BROWN'S PRIVATE SCHOOL","00002653",101,1,1,2,7,-86.3398362398597,32.2540977077011
"39",39,"CANTERBURY HIGH SCHOOL","A9700005",101,1,9,12,59,-86.235108899785,32.085843848034
"48",48,"CHURCHILL ACADEMY","A0500011",101,1,0,12,113,-86.3859409460088,32.2055098801484
"85",85,"EASTMONT BAPTIST KINDERGARTEN","A0900023",101,1,-1,0,162,-86.1684596285534,32.1419606266444
"86",86,"EASTWOOD CHRISTIAN SCHOOL","A0100134",101,1,0,12,354,-86.177079001725,32.3185511672216
"92",92,"EVANGEL CHRISTIAN ACADEMY","A9700008",101,1,0,12,280,-86.2845954838905,32.1035423941817
"126",126,"GREEN GATE SCHOOL","00000893",101,1,-1,8,82,-86.184893561944,32.2933393244674
"132",132,"HERITAGE CHILD DEVELOPMENT CEN","A0100207",101,1,-1,0,126,-86.2947227258535,32.0556889704586
"135",135,"HOLY CROSS EPISCOPAL SCHOOL","A0100217",101,1,-1,6,134,-86.3605978558985,32.203908590825
"142",142,"HOOPER ACADEMY","00002063",101,1,-1,12,380,-86.2767729491419,32.1359520517391
"170",170,"LIGHTHOUSE CHRISTIAN ACADEMY","AA890008",101,1,-1,8,174,-86.3749867434333,32.2772156366303
"173",173,"LITTLE FLOCK MINISTRIES","A0770112",101,1,-1,12,11,-86.1664220844832,31.9721921521848
"177",177,"MACON EAST ACADEMY","00002835",101,1,-1,12,406,-86.092510753422,32.1283248654483
"195",195,"MONTESSORI ACADEMY","A9500016",101,1,-1,0,86,-86.1742260201882,32.1067400938145
"197",197,"MONTGOMERY CATHOLIC PREPARATOR","00000714",101,1,0,12,797,-86.0977480282666,32.3906983649101
"198",198,"MONTGOMERY CHRISTIAN SCHOOL","A0900053",101,1,0,3,35,-86.3642321194697,32.1866570770717
"199",199,"MONTGOMERY SDA SCHOOL","02001057",101,1,1,8,22,-86.274699690976,32.398043650009
"221",221,"NORTH POINTE CHURCH OF CHRIST","A1170148",101,1,0,2,4,-86.2984725144405,32.2743634029355
"252",252,"RESURRECTION CATHOLIC SCHOOL","A9302022",101,1,-1,8,109,-86.4506585745223,32.2877124948747
"269",269,"SOUTH MONTGOMERY COUNTY ACADEM","00001525",101,1,-1,12,149,-85.9967570916898,32.0386613523537
"283",283,"ST JAMES SCHOOL","00001547",101,1,-1,12,977,-86.3456885196226,32.0637039258017
"288",288,"ST JUDE EDUCATIONAL INSTITUTE","00000394",101,1,7,12,114,-86.2323643159195,32.2775979594283
"301",301,"SUCCESS UNLIMITED","A0900077",101,1,-1,12,192,-86.2202092848004,32.0672067168742
"327",327,"TRINITY PRESBYTERIAN SCHOOL","00001478",101,1,-1,12,914,-86.2122858256748,32.2158508149708
"355",355,"WHITFIELD KINDERGARTEN","A0100426",101,1,0,0,6,-86.2087429310075,32.4535140841861
"362",362,"ZELIA STEPHENS EARLY CHILDHOOD","A0900088",101,1,-1,3,56,-86.0697974383661,32.3465621758643
"21",21,"BETHEL BAPTIST SCHOOL","02001126",103,1,-1,12,118,-86.9260443405728,34.3365068303856
"60",60,"CORNERSTONE CHRISTIAN SCHOOL","A9900016",103,1,-1,12,89,-86.6776092906567,34.4227444201364
"77",77,"DECATUR HERITAGE CHRISTIAN ACA","00001944",103,1,0,12,381,-86.9643203980899,34.5614474353082
"275",275,"ST ANN SCHOOL","00000124",103,1,-1,8,105,-87.0676595254127,34.5320395442633
"182",182,"MARION ACADEMY","A9100140",105,1,-1,12,101,-87.4225053645237,32.6323502544245
"237",237,"PICKENS ACADEMY","00002278",107,1,-1,12,251,-88.1271927070011,33.0699459224067
"66",66,"COVENANT CHRISTIAN SCHOOL","A9500006",109,1,-1,7,52,-85.9591582306129,31.7976331132178
"215",215,"NEW LIFE CHRISTIAN ACADEMY","A0300033",109,1,-1,12,71,-85.7222400660022,31.6852294721346
"238",238,"PIKE LIBERAL ARTS SCHOOL","00002289",109,1,0,12,470,-86.075880957534,31.6593364361436
"98",98,"FAITH CHRISTIAN ACADEMY","A9900080",111,1,-1,12,106,-85.6001451964681,33.451555172469
"53",53,"COLUMBUS GIRLS ACADEMY","A0500012",113,1,7,12,62,-85.1238858649061,32.0871775153436
"202",202,"MOTHER MARY SCHOOL","00000678",113,1,-1,8,61,-85.0780975016633,32.4432852310131
"236",236,"PHENIX CHRISTIAN SCHOOL","A9300002",113,1,-1,5,92,-85.3042236323079,32.1798079608513
"294",294,"ST PATRICK'S SCHOOL","A0100378",113,1,-1,8,75,-85.2575782651195,32.3171179256077
"307",307,"TEEN UNIVERSITY","A1100016",113,1,8,12,10,-85.2532890060641,32.2792846173894
"337",337,"VERITAS ACADEMY","A0500023",113,1,0,7,51,-85.1190830116245,32.263488001469
"23",23,"BIBLE METHODIST CHRISTIAN SCHO","A0100052",115,1,-1,12,66,-86.4914311260401,33.5643897117374
"33",33,"CALVARY CHRISTIAN ACADEMY","A9900006",115,1,3,12,15,-86.5306159881167,33.723068449249
"104",104,"FIRST BAPT KINDER/DAYCARE","A0900030",115,1,0,0,11,-86.4761583596216,33.7159969391066
"203",203,"MOUNTAIN VIEW ADVENTIST SCHOOL","A0900054",115,1,3,8,5,-86.2033623360037,33.8110289732559
"341",341,"VICTORY CHRISTIAN SCHOOL","AA890012",115,1,-1,12,437,-86.1891651682386,33.8351104874083
"26",26,"BRIARWOOD CHRISTIAN HIGH SCHOO","01926084",117,1,9,12,588,-86.9002217733845,33.2388338030186
"27",27,"BRIARWOOD CHRISTIAN SCHOOL","01926233",117,1,0,12,1881,-86.4690805766054,33.3922411411069
"56",56,"COOSA VALLEY ACADEMY","00001729",117,1,-1,12,270,-86.4176917562273,33.2940632771789
"59",59,"CORNERSTONE CHRISTIAN SCHOOL","A9900015",117,1,-1,12,166,-86.4925881967511,33.2807375749234
"69",69,"COVENANT CLASSICAL SCHOOL","A0770034",117,1,-1,0,165,-86.9289506845446,33.2185172353565
"94",94,"EVANGEL CLASSICAL CHRISTIAN SC","A0770049",117,1,-1,12,426,-86.561585332428,33.1440992907428
"134",134,"HILLTOP MONTESSORI SCHOOL","A0307016",117,1,-1,8,186,-86.787423598651,33.3292659619865
"149",149,"INDIAN SPRINGS SCHOOL","00001401",117,1,8,12,261,-86.8047167905827,33.2063376506544
"161",161,"JOSEPH S BRUNO MONTESSORI ACAD","A0100229",117,1,-1,8,204,-86.7942502066664,33.3620052241848
"163",163,"KINGWOOD CHRISTIAN SCHOOL","01608811",117,1,0,12,393,-86.6946942114301,33.3221336311138
"230",230,"OUR LADY OF THE VALLEY SCHOOL","00000339",117,1,-1,8,412,-86.6855295904456,33.2854901185092
"245",245,"PRIMROSE SCHOOL AT MEADOWBROOK","A1100011",117,1,-1,0,56,-86.6246977402527,33.3548188040303
"246",246,"PRIMROSE SCHOOL OF RIVERWOODS","A1170169",117,1,-1,0,116,-86.607652457045,33.331214311448
"255",255,"RIVERCHASE UNITED METHODIST DA","A0900069",117,1,-1,0,210,-86.5286865454083,33.1555263078701
"352",352,"WESTMINSTER SCHOOL AT OAK MOUN","A0770139",117,1,0,12,413,-86.5475151444301,33.0301777288753
"353",353,"WESTWOOD BAPT WEEKDAY EDU MINI","A0770204",117,1,-1,0,139,-86.7629986484819,33.1921839692811
"168",168,"LET THY KINGDOM COME OUTREACH ","A1170117",119,1,-1,7,119,-88.2790747882471,32.3143160946042
"113",113,"FIRST UNITED METHODIST KINDERG","A0100166",121,1,-1,0,180,-85.9439287134374,33.4859095793905
"164",164,"KNOLLWOOD CHRISTIAN SCHOOL","A9900044",121,1,0,7,47,-86.1110148859455,33.4716741883802
"99",99,"FAITH CHRISTIAN ACADEMY","A0900025",123,1,-1,10,51,-85.7715956239161,32.8029308772546
"8",8,"AMERICAN CHRISTIAN ACADEMY","02001272",125,1,-1,12,886,-87.5574659107296,33.1794028459766
"139",139,"HOLY SPIRIT CATHOLIC REGIONAL ","00000044",125,1,7,12,245,-87.6064000622699,33.3520177763426
"222",222,"NORTH RIVER CHRISTIAN ACADEMY","A9300013",125,1,-1,12,276,-87.4574790890573,33.0911936889493
"312",312,"THE CAPITOL SCHOOL","A9500031",125,1,-1,12,139,-87.8201300868741,33.4961271138563
"323",323,"THIS OLDE HOUSE II","A9703777",125,1,-1,0,22,-87.6505283285805,33.4570361574707
"329",329,"TUSCALOOSA ACADEMY","00001558",125,1,-1,12,416,-87.7135503894148,33.1593193321712
"330",330,"TUSCALOOSA CHRISTIAN SCHOOL","01642488",125,1,-1,12,316,-87.5678808864636,33.0968730216906
"335",335,"UPPERROOM DELIVERANCE CENTER","A1170214",125,1,-1,4,36,-87.6193890049294,33.4654490847112
"80",80,"DORA FIRST BAPTIST CHURCH","A0770041",127,1,-1,0,106,-87.3609044218494,33.843047926058
"123",123,"GRACE CHRISTIAN ACADEMY","A1190002",127,1,1,12,40,-87.3311903203873,33.9232546422156
"302",302,"SUMITON CHRISTIAN SCHOOL","A9300011",127,1,-1,12,447,-87.199451335868,33.870959889782
"339",339,"VICTORY CHRISTIAN ACADEMY","A0100162",127,1,-1,11,31,-87.1131813522119,33.8266330973446
"356",356,"WILCOX ACADEMY","01925943",131,1,-1,12,289,-87.5412953099615,32.1213262507757
